<?xml version="1.0" encoding="utf-8" ?>

<ThingDefs>
<ThingDef Name="BasePawn" Abstract="True">
    <thingClass>Pawn</thingClass>
    <category>Pawn</category>
    <selectable>true</selectable>
    <tickerType>Normal</tickerType>
    <altitudeLayer>Pawn</altitudeLayer>
    <useHitPoints>false</useHitPoints>
    <hasTooltip>true</hasTooltip>
    <soundImpactDefault>BulletImpactFlesh</soundImpactDefault>
    <inspectorTabs>
        <li>ITab_Pawn_Health</li>
        <li>ITab_Pawn_Needs</li>
        <li>ITab_Pawn_Character</li>
        <li>ITab_Pawn_Training</li>
        <li>ITab_Pawn_Gear</li>
        <li>ITab_Pawn_Guest</li>
        <li>ITab_Pawn_Prisoner</li>
        <li>ITab_Pawn_Social</li>
    </inspectorTabs>
    <comps>
        <li>
            <compClass>CompAttachBase</compClass>
        </li>
    </comps>
    <drawGUIOverlay>true</drawGUIOverlay>
</ThingDef>

<AlienRace.ThingDef_AlienRace ParentName="BasePawn">
    <defName>Alien_Dwarf</defName>
    <label>Dwarf</label>
    <description>Dwarfs are proud specimens. Short of stature, but strong, fearsome warriors.</description>
	<alienRace>
        <generalSettings>
			<MaleGenderProbability>0.6</MaleGenderProbability>
			<PawnsSpecificBackstories>true</PawnsSpecificBackstories>
			<ImmuneToAge>false</ImmuneToAge>
			<ForcedRaceTraitEntries>
                <li>
                    <defname>Bloodlust</defname>
					<chance>10</chance>
                </li>
                <li>
                    <defname>Abrasive</defname>
                    <chance>10</chance>
                </li>
				<li>
					<defname>Brawler</defname>
					<chance>15</chance>
				</li>
            </ForcedRaceTraitEntries>
            <factionRelations>
                <li>
                    <factions>
					   <li>Tribe</li>
                    </factions>
                    <goodwill>
                       <min>-100</min>
                       <max>100</max>
                    </goodwill>
                </li>
                <li>
                    <factions>
                       <li>Outlander</li>
                    </factions>
                    <goodwill>
                       <min>-100</min>
                       <max>100</max>
                    </goodwill>
                </li>               
            </factionRelations>
			<alienPartGenerator>
				<aliencrowntypes>
					<li>Average_Wide</li>
					<li>Narrow_Pointy</li>
                </aliencrowntypes>
		        <alienbodytypes>
					<li>Fat</li>
					<li>Hulk</li>
				</alienbodytypes>
				<UseGenderedHeads>true</UseGenderedHeads>
				<customDrawSize>(0.7, 0.7)</customDrawSize>
				<customPortraitDrawSize>(0.8, 0.8)</customPortraitDrawSize>
            </alienPartGenerator>
        </generalSettings>
        <graphicPaths>
        </graphicPaths>
        <hairSettings>
			<HasHair>true</HasHair>
			<GetsGreyAt>70</GetsGreyAt>
        </hairSettings>
        <pawnKindSettings>
			<alienslavekinds>
				<li>
					<kindDefs>
						<li>Dwarf</li>
					</kindDefs>
					<chance>15.0</chance>
				</li>
			</alienslavekinds>
			<alienrefugeekinds>
				<li>
					<kindDefs>
						<li>Dwarf</li>
					</kindDefs>
					<chance>25.0</chance>
				</li>
			</alienrefugeekinds>
			<startingColonists>
				<li>
					<pawnKindEntries>
						<li>
							<kindDefs>
								<li>Dwarf</li>
							</kindDefs>
						</li>
					</pawnKindEntries>
					<factionDefs>
						<li>DwarfColony</li> 
					</factionDefs>
				</li>
			</startingColonists>
		</pawnKindSettings>
        <thoughtSettings>
			<cannotReceiveThoughts>
				<li>KnowPrisonerSold</li>
				<li>CabinFever</li>
				<li>KnowGuestExecuted</li>
            </cannotReceiveThoughts>
			<replacerList>
				<li>
					<original>AttendedParty</original>
					<replacer>AttendedDwarvenParty</replacer>
				</li>
			</replacerList>
        </thoughtSettings>
        <raceRestriction>
        </raceRestriction>
    </alienRace>
	<statBases>
		<MarketValue>2000</MarketValue>
		<MoveSpeed>3</MoveSpeed>
		<Flammability>0.5</Flammability>
		<ComfyTemperatureMin>4</ComfyTemperatureMin>
		<ComfyTemperatureMax>36</ComfyTemperatureMax>
		<LeatherAmount>20</LeatherAmount>
    </statBases>
	<verbs>
		<li>
			<verbClass>Verb_MeleeAttack</verbClass>
			<defaultCooldownTime>1.45</defaultCooldownTime>
			<meleeDamageBaseAmount>7</meleeDamageBaseAmount>
			<meleeDamageDef>Blunt</meleeDamageDef>
			<linkedBodyPartsGroup>LeftHand</linkedBodyPartsGroup>
		</li>
		<li>
			<verbClass>Verb_MeleeAttack</verbClass>
			<defaultCooldownTime>1.45</defaultCooldownTime>
			<meleeDamageBaseAmount>7</meleeDamageBaseAmount>
			<meleeDamageDef>Blunt</meleeDamageDef>
			<linkedBodyPartsGroup>RightHand</linkedBodyPartsGroup>
		</li>
    </verbs>
	<race>
		<thinkTreeMain>Humanlike</thinkTreeMain>
		<thinkTreeConstant>HumanlikeConstant</thinkTreeConstant>
		<intelligence>Humanlike</intelligence>
		<makesFootprints>true</makesFootprints>
		<lifeExpectancy>120</lifeExpectancy>
		<leatherColor>(211,194,143)</leatherColor>
		<leatherCommonalityFactor>0.01</leatherCommonalityFactor>
		<leatherInsulation>0.70</leatherInsulation>
		<leatherMarketValueFactor>2</leatherMarketValueFactor>
		<nameGenerator>NamerPersonDwarf</nameGenerator>
		<body>Dwarf</body>
		<baseBodySize>1</baseBodySize>
		<baseHealthScale>1</baseHealthScale>
		<foodType>OmnivoreHuman</foodType>
		<gestationPeriodDays>45</gestationPeriodDays>
		<litterSizeCurve>
			<points>
				<li>(0.5, 0)</li>
				<li>(1, 1)</li>
				<li>(1.01, 0.02)</li>
				<li>(3.5, 0)</li>
			</points>
		</litterSizeCurve>
		<lifeStageAges>
			<li>
				<def>HumanlikeBaby</def>
				<minAge>0</minAge>
			</li>
			<li>
				<def>HumanlikeToddler</def>
				<minAge>1.2</minAge>
			</li>
			<li>
				<def>HumanlikeChild</def>
				<minAge>4</minAge>
			</li>
			<li>
				<def>HumanlikeTeenager</def>
				<minAge>13</minAge>
			</li>
			<li>
				<def>HumanlikeAdult</def>
				<minAge>18</minAge>
			</li>
		</lifeStageAges>
		<soundMeleeHitPawn>Pawn_Melee_Punch_HitPawn</soundMeleeHitPawn>
		<soundMeleeHitBuilding>Pawn_Melee_Punch_HitBuilding</soundMeleeHitBuilding>
		<soundMeleeMiss>Pawn_Melee_Punch_Miss</soundMeleeMiss>
		<specialshadowData>
			<volume>(0.3, 0.8, 0.4)</volume>
			<offset>(0,0,-0.3)</offset>
		</specialshadowData>
		<ageGenerationCurve>
			<points>
				<li>(14,0)</li>
				<li>(16,120)</li>
				<li>(20,60)</li>
				<li>(30,18)</li>
				<li>(70,10)</li>
				<li>(120,0)</li>
			</points>
		</ageGenerationCurve>
		<hediffGiverSets>
			<li>OrganicStandard</li>
		</hediffGiverSets>
	</race>
	<recipes>
		<li>InstallPowerClaw</li>
		<li>InstallScytherBlade</li>
		<li>InstallBionicEye</li>
		<li>InstallBionicArm</li>
		<li>InstallBionicLeg</li>
		<li>InstallSimpleProstheticArm</li>
		<li>InstallSimpleProstheticLeg</li>
		<li>InstallPegLeg</li>
		<li>InstallDenture</li>
		<li>InstallJoywire</li>
		<li>InstallPainstopper</li>
		<li>InstallNaturalHeart</li>
		<li>InstallNaturalLung</li>
		<li>InstallNaturalKidney</li>
		<li>InstallNaturalLiver</li>
		<li>ExciseCarcinoma</li>
		<li>RemoveBodyPart</li>
		<li>Euthanize</li>
    </recipes>
</AlienRace.ThingDef_AlienRace>
	
</ThingDefs>