<?xml version="1.0" encoding="utf-8" ?>
<Defs>

  <FactionDef Abstract="True" Name="DwarfFactionBase">
	<homeIconPath>World/WorldObjects/DefaultFactionBase</homeIconPath>
    <colorSpectrum>
      <li>(0, 0.523, 0.247)</li>
    </colorSpectrum>
  </FactionDef>
  
  <FactionDef ParentName="DwarfFactionBase">
    <defName>DwarfColony</defName>
    <label>Dwarf Colony</label>
    <description>Your own community.</description>
    <isPlayer>true</isPlayer>
    <basicMemberKind>Dwarf</basicMemberKind>
    <pawnsPlural>colonists</pawnsPlural>
    <baseNameMaker>NamerFactionBaseTribal</baseNameMaker>
    <techLevel>Industrial</techLevel>
    <backstoryCategory>DwarfBackstory</backstoryCategory>
    <expandingIconTexture>World/WorldObjects/Expanding/Town</expandingIconTexture>
    <startingResearchTags>
      <li>ClassicStart</li>
    </startingResearchTags>
	<hairTags>
		<li>Rural</li>
		<li>Tribal</li>
	</hairTags>
    <apparelStuffFilter>
    </apparelStuffFilter>
  </FactionDef>
  
  <FactionDef ParentName="DwarfFactionBase">
    <defName>DwarfPlayerTribe</defName>
    <label>Dwarf Tribe</label>
    <description>Your own tribe of Dwarfs.</description>
    <isPlayer>true</isPlayer>
    <basicMemberKind>Dwarf</basicMemberKind>
	<pawnsPlural>Dwarfs</pawnsPlural>
    <baseNameMaker>NamerFactionBaseTribal</baseNameMaker>
    <techLevel>Neolithic</techLevel>
    <backstoryCategory>DwarfBackstory</backstoryCategory>
    <pawnNameMaker>NamerPersonTribal</pawnNameMaker>
    <homeIconPath>World/WorldObjects/TribalFactionBase</homeIconPath>
	<expandingIconTexture>World/WorldObjects/Expanding/Village</expandingIconTexture>
    <startingResearchTags>
      <li>TribalStart</li>
    </startingResearchTags>
    <hairTags>
      <li>Tribal</li>
    </hairTags>
    <apparelStuffFilter>
    </apparelStuffFilter>
	<colorSpectrum>
      <li>(0, 0.437, 0.847)</li>
    </colorSpectrum>
  </FactionDef>

</Defs>