<?xml version="1.0" encoding="utf-8" ?>
<PawnKindDefs>

  <!-- ============================ Dwarf Base ========================== -->

  <PawnKindDef Name="DwarfBase" Abstract="True">
    <defaultFactionType>DwarfColony_NPC</defaultFactionType>
    <race>Alien_Dwarf</race>
	<backstoryCategory>DwarfBackstory</backstoryCategory>
    <chemicalAddictionChance>0.005</chemicalAddictionChance>
    <baseRecruitDifficulty>0.75</baseRecruitDifficulty>
    <apparelAllowHeadwearChance>80</apparelAllowHeadwearChance>
    <apparelTags>
      <li>Outlander</li>
	  <li>Military</li>
    </apparelTags>
  </PawnKindDef>
   
  <!-- ============================ Dwarf Military Base ========================== -->
  
  <PawnKindDef Name="DwarfMilBase" ParentName="DwarfBase" Abstract="True">
	<combatPower>100</combatPower>
	<race>Alien_Dwarf</race>
    <chemicalAddictionChance>0</chemicalAddictionChance>
    <isFighter>true</isFighter>
    <invNutrition>2.55</invNutrition>
    <itemQuality>Normal</itemQuality>
	<minGenerationAge>28</minGenerationAge>
    <maxGenerationAge>100</maxGenerationAge>
    <gearHealthRange>
      <min>1</min>
      <max>3.3</max>
    </gearHealthRange>
    <apparelTags>
      <li>Outlander</li>
    </apparelTags>
    <apparelMoney>
      <min>200</min>
      <max>1000</max>
    </apparelMoney>
    <weaponMoney>
      <min>200</min>
      <max>800</max>
    </weaponMoney>
    <techHediffsMoney>
      <min>100</min>
      <max>1500</max>
    </techHediffsMoney>
    <inventoryOptions>
      <skipChance>0.8</skipChance>
      <subOptionsChooseOne>
        <li>
          <thingDef>Silver</thingDef>
          <countRange>
            <min>50</min>
            <max>400</max>
          </countRange>
        </li>
        <li>
          <thingDef>Medicine</thingDef>
          <countRange>
            <min>0</min>
            <max>1</max>
          </countRange>
        </li>
		<li>
          <thingDef>Beer</thingDef>
          <countRange>
            <min>1</min>
            <max>5</max>
          </countRange>
        </li>
      </subOptionsChooseOne>
    </inventoryOptions>
  </PawnKindDef>
  
  <!-- ============================ Dwarf Military ========================== -->
  
  <PawnKindDef ParentName="DwarfMilBase">
    <defName>Dwarf</defName>
    <label>recruit</label>
    <combatPower>70</combatPower>
  </PawnKindDef>

  
  <PawnKindDef ParentName="DwarfMilBase">
    <defName>DwarfSoldier</defName>
    <label>Soldier</label>
    <combatPower>90</combatPower>
	<minGenerationAge>32</minGenerationAge>
    <maxGenerationAge>70</maxGenerationAge>
    <gearHealthRange>
      <min>0.9</min>
      <max>1.5</max>
    </gearHealthRange>
    <apparelTags>
      <li>Outlander</li>
	  <li>Military</li>
    </apparelTags>
    <apparelMoney>
      <min>200</min>
      <max>1000</max>
    </apparelMoney>
    <weaponMoney>
      <min>200</min>
      <max>700</max>
    </weaponMoney>
    <weaponTags>
      <li>NeolithicMelee</li>
    </weaponTags>
    <techHediffsMoney>
      <min>100</min>
      <max>1500</max>
    </techHediffsMoney>
    <combatEnhancingDrugsCount>
      <min>0</min>
      <max>1</max>
    </combatEnhancingDrugsCount>
    <inventoryOptions>
      <skipChance>0.8</skipChance>
      <subOptionsChooseOne>
        <li>
          <thingDef>Silver</thingDef>
          <countRange>
            <min>50</min>
            <max>200</max>
          </countRange>
        </li>
        <li>
          <thingDef>Medicine</thingDef>
          <countRange>
            <min>0</min>
            <max>1</max>
          </countRange>
        </li>
		<li>
          <thingDef>Beer</thingDef>
          <countRange>
            <min>1</min>
            <max>5</max>
          </countRange>
        </li>
      </subOptionsChooseOne>
    </inventoryOptions>
  </PawnKindDef>
  

  <PawnKindDef ParentName="DwarfMilBase">
    <defName>DwarfArcher</defName>
    <label>Archer</label>
    <combatPower>85</combatPower>
	<minGenerationAge>38</minGenerationAge>
    <maxGenerationAge>70</maxGenerationAge>
    <gearHealthRange>
      <min>0.8</min>
      <max>2.3</max>
    </gearHealthRange>
    <apparelTags>
      <li>Outlander</li>
	  <li>Military</li>
    </apparelTags>
    <apparelMoney>
      <min>350</min>
      <max>1000</max>
    </apparelMoney>
    <weaponMoney>
      <min>200</min>
      <max>700</max>
    </weaponMoney>
    <weaponTags>
      <li>NeolithicRanged</li>
    </weaponTags>
    <inventoryOptions>
      <skipChance>0.8</skipChance>
      <subOptionsChooseOne>
        <li>
          <thingDef>Silver</thingDef>
          <countRange>
            <min>180</min>
            <max>400</max>
          </countRange>
        </li>
        <li>
          <thingDef>Medicine</thingDef>
          <countRange>
            <min>1</min>
            <max>2</max>
          </countRange>
        </li>
		<li>
          <thingDef>Beer</thingDef>
          <countRange>
            <min>1</min>
            <max>5</max>
          </countRange>
        </li>
      </subOptionsChooseOne>
    </inventoryOptions>
  </PawnKindDef>
  
  <PawnKindDef ParentName="DwarfMilBase">
    <defName>DwarfKing</defName>
    <label>King</label>
	<factionLeader>true</factionLeader>
    <combatPower>1000</combatPower>
	<minGenerationAge>65</minGenerationAge>
    <maxGenerationAge>85</maxGenerationAge>
    <gearHealthRange>
      <min>1</min>
      <max>3.8</max>
    </gearHealthRange>
    <apparelTags>
      <li>Outlander</li>
	  <li>Military</li>
    </apparelTags>
    <apparelMoney>
      <min>1000</min>
      <max>5000</max>
    </apparelMoney>
    <weaponMoney>
      <min>500</min>
      <max>1500</max>
    </weaponMoney>
    <weaponTags>
      <li>NeolithicMelee</li>
    </weaponTags>
    <inventoryOptions>
      <skipChance>0.8</skipChance>
      <subOptionsChooseOne>
        <li>
          <thingDef>Silver</thingDef>
          <countRange>
            <min>300</min>
            <max>1000</max>
          </countRange>
        </li>
        <li>
          <thingDef>Medicine</thingDef>
          <countRange>
            <min>1</min>
            <max>5</max>
          </countRange>
        </li>
		<li>
          <thingDef>Beer</thingDef>
          <countRange>
            <min>1</min>
            <max>5</max>
          </countRange>
        </li>
      </subOptionsChooseOne>
    </inventoryOptions>
  </PawnKindDef>

</PawnKindDefs>
