<?xml version="1.0" encoding="utf-8" ?>
<PawnKindDefs>

  <PawnKindDef Abstract="True" Name="BaseDwarfPawnKind">
    <race>Alien_Dwarf</race>
    <combatPower>70</combatPower>
    <baseRecruitDifficulty>0.70</baseRecruitDifficulty>
    <isFighter>false</isFighter>
    <apparelIgnoreSeasons>true</apparelIgnoreSeasons>
    <forceNormalGearQuality>true</forceNormalGearQuality>
  </PawnKindDef>

  <PawnKindDef ParentName="BaseDwarfPawnKind">
    <defName>Dwarf</defName>
    <label>colonist</label>
    <defaultFactionType>DwarfColony</defaultFactionType>
    <backstoryCategory>DwarfBackstory</backstoryCategory>
    <apparelTags>
      <li>Outlander</li>
	  <li>Military</li>
    </apparelTags>
    <apparelMoney>
      <min>750</min>
      <max>1000</max>
    </apparelMoney>
	<backstoryCryptosleepCommonality>0</backstoryCryptosleepCommonality>
  </PawnKindDef>

</PawnKindDefs>